1, 1, mediamaz
?, ?, penerjemah tersumpah
1, 6, penerjemah profesional
1, 7, Penerjemah tersumpah bahasa inggris
1, 3, Penerjemah tersumpah bahasa mandarin
1, 2, Penerjemah tersumpah bahasa arab
1, 2, Penerjemah tersumpah bahasa jepang
1, 5, Penerjemah tersumpah bahasa jerman
1, 1, Penerjemah tersumpah bahasa spanyol
1, 2, Penerjemah tersumpah bahasa korea
1, 1, Penerjemah tersumpah bahasa vietnam
1, 3, Penerjemah tersumpah bahasa italia
1, 3, Penerjemah tersumpah bahasa belanda
1, 1, Penerjemah tersumpah bahasa turki
1, 3, Penerjemah tersumpah bahasa rusia
1, 9, jasa legalisasi Kemenkumham
1, 10, jasa legalisasi Kemenlu
1, 6, jasa legalisasi DIKTI
1, 3, jasa legalisasi Kementerian Agama
1, 2, jasa legalisasi Kemendikbud
1, 5, jasa interpreter bahasa Inggris
1, 6, jasa interpreter bahasa mandarin
1, 2, jasa interpreter bahasa arab
1, 3, jasa interpreter bahasa korea
1, 3, jasa interpreter bahasa belanda
1, 3, jasa interpreter bahasa jepang
1, 1, jasa proofreading bandar lampung
1, 2, jasa proofreading bandung
1, 1, jasa proofreading batam
1, 1, jasa proofreading bekasi
1, 1, jasa proofreading denpasar
1, 1, jasa proofreading depok
1, 10, jasa proofreading jakarta
1, 1, jasa proofreading makasar
1, 2, jasa proofreading malang
?, ?, jasa proofreading medan
1, 1, jasa proofreading palembang
1, 1, jasa proofreading semarang
1, 3, jasa proofreading surabaya
1, 1, jasa proofreading tangerang
1, 1, jasa proofreading tangerang selatan
1, 1, penerjemah tersumpah tangerang
1, 2, penerjemah tersumpah tangsel
1, 3, penerjemah tersumpah bsd
1, 3, penerjemah tersumpah karawaci
1, 3, penerjemah tersumpah bintaro
1, 1, penerjemah tersumpah serpong
1, 4, penerjemah tersumpah jakarta
1, 1, penerjemah tersumpah jakarta pusat
1, 1, penerjemah tersumpah jakarta timur
1, 2, penerjemah tersumpah jakarta selatan
1, 2, penerjemah tersumpah jakarta utara
1, 2, penerjemah tersumpah bogor
1, 2, penerjemah tersumpah depok
1, 2, penerjemah tersumpah bekasi
1, 2, penerjemah tersumpah karawang
1, 2, penerjemah tersumpah bandung
1, 3, penerjemah tersumpah denpasar bali
1, 4, penerjemah tersumpah batam
1, 1, penerjemah tersumpah cirebon
1, 2, penerjemah tersumpah cilegon
1, 1, penerjemah tersumpah lampung
1, 2, penerjemah tersumpah makassar
1, 2, penerjemah tersumpah manado
1, 4, penerjemah tersumpah malang
1, 2, penerjemah tersumpah palembang
1, 2, penerjemah tersumpah riau
1, 2, penerjemah tersumpah medan
1, 2, penerjemah tersumpah surabaya
1, 4, penerjemah tersumpah jogjakarta
1, 3, penerjemah tersumpah semarang
1, 2, jasa penerjemah KTP
1, 3, jasa penerjemah SIM
1, 2, jasa penerjemah Akta kelahiran
1, 2, jasa penerjemah Akta kematian
1, 2, jasa penerjemah Akta perceraian
1, 1, jasa penerjemah Buku nikah
1, 2, jasa penerjemah SKBM
1, 2, jasa penerjemah Rapot
1, 6, jasa penerjemah Ijazah
1, 2, jasa penerjemah Transkrip nilai
1, 2, jasa penerjemah SKCK
1, 8, jasa penerjemah Abstrak
1, 9, jasa penerjemah Jurnal
1, 2, jasa penerjemah Kartu keluarga
1, 1, jasa penerjemah Paspor
1, 3, jasa penerjemah SIUP
1, 2, jasa penerjemah TDP
1, 6, jasa penerjemah Izin usaha
1, 8, jasa penerjemah Akta perusahaan
1, 5, jasa penerjemah Dokumen perjanjian
1, 7, jasa penerjemah Surat kuasa
1, 8, jasa penerjemah Dokumen
1, 4, jasa penerjemah Dokumen bisnis
1, 5, jasa penerjemah Dokumen perusahaan
1, 4, jasa penerjemah Dokumen niaga
1, 1, Jasa penerjemah Otomotif
1, 2, Jasa penerjemah Bank
1, 5, Jasa penerjemah Keuangan
1, 1, Jasa penerjemah Hukum
1, 2, Jasa penerjemah Kesehatan
1, 2, Jasa penerjemah Teknologi
1, 1, Jasa penerjemah Game
1, 1, Jasa penerjemah Manufaktur
1, 2, Jasa penerjemah Retail
1, 1, Jasa penerjemah Travel
1, 2, Jasa penerjemah Media
1, 4, Jasa penerjemah E Commerce
1, 1, Jasa penerjemah Marketing
1, 1, Jasa penerjemah Life science
1, 1, Jasa penerjemah Artificial intelligence
1, 1, Jasa penerjemah Perhotelan
1, 2, jasa legalisasi kedutaan Aljazair
1, 6, jasa legalisasi kedutaan Arab Saudi
1, 5, jasa legalisasi kedutaan Austria
1, 3, jasa legalisasi kedutaan Australia
1, 7, jasa legalisasi kedutaan UEA
1, 6, jasa legalisasi kedutaan Belgia
1, 6, jasa legalisasi kedutaan Belanda
1, 4, jasa legalisasi kedutaan China RRC
1, 5, jasa legalisasi kedutaan Denmark
1, 6, jasa legalisasi kedutaan Filipina
1, 2, jasa legalisasi kedutaan Italia
1, 7, jasa legalisasi kedutaan Jerman
1, 2, jasa legalisasi kedutaan Jepang
1, 2, jasa legalisasi kedutaan Korea Selatan
1, 3, jasa legalisasi kedutaan Singapura
1, 5, jasa legalisasi kedutaan Spanyol
1, 8, jasa legalisasi kedutaan Vietnam
1, 3, jasa legalisasi kedutaan Perancis
1, 2, jasa legalisir dan legalisasi akta kematian
1, 1, jasa legalisir dan legalisasi akta perceraian
1, 1, jasa legalisir dan legalisasi akta perkawinan
1, 2, jasa legalisir dan legalisasi akta kelahiran
1, 5, jasa legalisir dan legalisasi buku nikah
1, 3, jasa legalisir dan legalisasi transkrip nilai
1, 1, jasa legalisir dan legalisasi skck
1, 4, jasa legalisir dan legalisasi ijazah
1, 2, jasa interpreter hukum
1, 3, jasa interpreter pengadilan
1, 2, jasa interpreter simultan
1, 3, jasa interpreter konfrensi
1, 1, jasa interpreter audio & video call
2, 1, jasa interpreter rapat
1, 3, jasa interpreter seminar
1, 1, proofreading akta notaris
?, ?, proofreading artikel
1, 5, proofreading buku
2, 10, proofreading buku manual
1, 2, proofreading buku panduan
?, ?, proofreading cv
1, 8, proofreading disertasi
1, 1, proofreading dokumen hukum
?, ?, proofreading jurnal
?, ?, proofreading konten
2, 3, proofreading konten website
1, 6, proofreading laporan
1, 5, proofreading majalah
1, 3, proofreading makalah penelitian
?, ?, proofreading materi pemasaran
2, 5, proofreading naskah
?, ?, proofreading novel
?, ?, proofreading proposal
1, 1, proofreading rencana bisnis
?, ?, proofreading resume
1, 2, proofreading surat lamaran
?, ?, proofreading tesis
?, ?, proofreading website
